CenÃ¡rio,Carteira 1,Carteira 2,Carteira 3,Carteira 4,Carteira 5,Carteira 6,Carteira 7,Carteira 8,Carteira 9,Carteira 10,Carteira 11,Carteira 12,Carteira 13,Carteira 14,Carteira 15,Carteira 16,Carteira 17,Carteira 18,Carteira 19,Carteira 20,Carteira 21,Carteira 22,Carteira 23,Carteira 24,Carteira 25,Carteira 26,Carteira 27,Carteira 28,Carteira 29,Carteira 30,Carteira 31,Carteira 32,Carteira 33,Carteira 34
1,0.05628971099942007,0.13039199787357433,0.16356625153060855,0.22778696889103345,0.31640770640439764,0.3038775345993725,0.32465878037807616,0.4274694363860252,0.40157572639989686,0.45853134147507235,0.46635767795625793,0.5101331609250741,0.5299503296353955,0.5784165143242052,0.6478305104353812,0.6154367225447578,0.698316642504686,0.6920790791457698,0.640507894771457,0.7636575370736617,0.7139400430093137,0.8563392120655686,0.8401695986597996,0.8855957563036874,1.0395202911645351,0.896566298202559,1.002867860745149,1.0096913089743076,1.1450832977505971,1.0831504150891054,1.132800664076436,1.2005051512597962,1.2783004919582799,1.1745307831775482
2,0.013779405920921913,0.07515029866615117,0.17038914241953676,0.16839178890392423,0.2953575215915646,0.29213999304309,0.26557998459180393,0.38990394149744834,0.4137451774405205,0.46850572157769704,0.39098288884593085,0.5481529715177301,0.49437910448730343,0.5200432434206792,0.6790918408038084,0.6422608145878229,0.6761622226353685,0.6814353764157586,0.7997507113761628,0.8484925365940107,0.7356781834929038,0.7799667159725739,0.8532011534480245,0.9435780252818579,0.8111994206791179,0.8576060807096441,1.0018010411871943,0.9245202739217865,1.1757392143348409,1.2605621198638821,1.188335295865614,1.223998580220878,1.056389082115915,1.2701038273628487
3,0.05831123139377537,0.14661422213391617,0.17808189907072436,0.19562869538851607,0.2912575699713007,0.310422388767468,0.3272986704387178,0.42028760078216776,0.47722232504183104,0.49869995620698265,0.5259407331465806,0.5487374008401692,0.6124554274273313,0.530414113894949,0.6729626201426963,0.7028017804205268,0.6057693134342943,0.7368623818647783,0.8132575052196684,0.7575904573670417,0.7842886944753649,0.7779257278810338,0.750614956704614,0.8258363474198496,0.9486566417910975,1.0459606900612437,0.9991108487593605,1.0927060286064356,1.1624854275159406,1.271520727386429,1.179268821151527,1.2158906434557564,1.1419508997851975,1.224966801939648
4,0.03950631514696216,0.10532516779431664,0.13427124612557123,0.20547526457660195,0.2166842071252808,0.24072538565133553,0.23745903452111788,0.3445805737334383,0.5386627339507966,0.5017367786825502,0.48764690478737766,0.5376673129046098,0.5434911959136939,0.5793167542265008,0.5975298648487747,0.7113086330859187,0.7160479863938302,0.7071193995463907,0.7627950353496593,0.7696984368896054,0.8531041370951958,0.8431940639611898,0.8336569979523091,0.7947052194250644,0.9438841765377548,0.9431629916644184,1.0801131573346108,1.136267261050692,1.083910081407668,1.0653923384983097,1.2354250242000413,1.1973842070101592,1.2193944451492993,1.1773524664307278
5,0.05993324061196106,0.1079125509330725,0.17595701637052596,0.19671570114053744,0.23722845434132847,0.29642216090248374,0.3268985375263189,0.43469509504903237,0.38163880742177025,0.4389143106344282,0.550889555655749,0.48329221605495637,0.5200706580560972,0.6103894115843308,0.6238460609285038,0.6434646915162028,0.7266764870461184,0.741923585720163,0.7510181711600292,0.7170412375901468,0.6617396962133975,0.8549596212956029,0.8433231416215079,0.8717676691251915,0.9925722486526655,0.8747797610621221,1.0507687618625499,1.113531201261964,1.120133968217265,1.3573814955265942,1.0459220415279153,1.1671463111159037,1.2168056316629496,1.342045909242056
6,0.05628971099942007,0.10617718418438307,0.15399571524859007,0.2505757043512815,0.2856944683381851,0.23918716627402004,0.300307043970914,0.37256255585953224,0.488974943037491,0.4208209072232271,0.46593604054035925,0.4948109486832518,0.5594088049357756,0.6709107583727617,0.5115347769365264,0.6509659757689331,0.647946693108813,0.7300846451442458,0.7824875534044902,0.7239273877416131,0.7882558420099635,0.8288999798770421,0.9250760301773862,0.9268959493524066,0.9511216998409963,0.9080779686030469,1.0902562637024522,1.0988030799818942,1.2377045391807844,1.3021100241876147,1.1770295383501856,1.1523820163172038,1.2291374374736674,1.2904108417264737
7,0.057855488774091,0.10825493602225313,0.13574024515123262,0.17472634115157076,0.2041012257127791,0.31262242339539126,0.27584089223312935,0.3390919151313278,0.39540564953413687,0.43043056415956615,0.6381457922990316,0.5765481272093196,0.5625007538203789,0.6666198755251449,0.6516809593255939,0.6353718539128927,0.6238446392614605,0.7428645169433025,0.763369961568556,0.7997339578871416,0.8411430236557766,0.897308557264792,0.8168886017478469,0.8627562675855834,1.0288325366529623,1.0129053101629975,1.063454440064803,1.1451273643486641,1.0763070072159284,1.2732044766271542,1.294224500760854,1.1881816955346831,1.2638689942668646,1.2931729386098147
8,0.05322354049874347,0.06042042199884013,0.1592902829301415,0.21371756790293925,0.25177261620034713,0.3011025674927945,0.36794512247372474,0.36561163597181673,0.4474616165632502,0.5182774028692679,0.5353568855447665,0.5308596915129375,0.5776008716305716,0.5262707334002179,0.6333417607675526,0.7394484839302363,0.642648825470723,0.7000086875724474,0.7201067581737806,0.7725686127584478,0.768186019815129,0.8300007819206374,0.8121277747135911,0.8984708831359426,0.9443333459322316,0.8865478731340188,0.9202303357322007,1.095490915977331,1.1744939435534993,1.2384787985018657,1.1501980287127653,1.2040048753624593,1.1839628878878712,1.3352043996131298
9,0.03221393800913968,0.07400581561692827,0.1683565641358448,0.21775497391232113,0.2503699474438605,0.2916840316691885,0.27320058264770253,0.4170464479719565,0.4617907970180473,0.45464845192174924,0.504901336411734,0.4235421834810884,0.5640051070522202,0.6546690191729094,0.5642781621841395,0.5812231283917355,0.6714388689100654,0.7557599929945785,0.6364541693147682,0.8002485645683544,0.7971564928488934,0.7954298170013384,0.87879921853041,0.9463935367927228,0.9589920059600815,0.9444789426070377,1.1041322090683177,1.0813345050354475,1.031852948290787,1.1557257768534708,1.2144752871909763,1.1670342778243294,1.1774432043724852,1.317789404540728
10,0.03134211289387203,0.11669685641433208,0.13693208296670545,0.2781980888138288,0.26080359814237025,0.23952448469624288,0.30145751208196403,0.31709798610129347,0.4458101784933605,0.5031277456922987,0.5268957524150133,0.5723413864632619,0.5248812273887593,0.5867529692380108,0.7092501368644888,0.6344782913270439,0.7159183575435096,0.6797881816719452,0.8254140267341772,0.8293508284329242,0.8100460500230485,0.8850328798830647,0.8905220483588355,0.8978215649494523,0.9459285181751684,0.8707653864359693,0.9744686836863878,1.1336202489525424,1.1241850151690114,1.2321907066589415,1.1921036158206282,1.28606334019537,1.2316593294048657,1.2532800570525977
11,0.025320220375024162,0.1316922472453122,0.14231056637273418,0.18809375562461897,0.2231738078967717,0.2669645172782711,0.29245528464611625,0.3465652828816987,0.4381264564033171,0.4524743837735051,0.4574927043041533,0.4942343091173599,0.4829792716132135,0.6347922204195897,0.5677360693308239,0.6939947977707582,0.7816852536830075,0.705184972607619,0.7115427079961891,0.7868117264049945,0.9123635211965495,0.8418327180664397,0.973422829575716,0.9680019285872582,0.9423959937696913,1.0292850496859918,0.9856354817979239,1.0757000719345091,1.0517108716719004,1.036872023966893,1.2267185165883194,1.2912737973548576,1.2297609291736682,1.1339631030461854
12,0.051709151093999435,0.10532516779431664,0.19095236260679516,0.20989128958871445,0.2570613161775141,0.35286055333094,0.3050678420459783,0.3582821499946507,0.42716182815723913,0.4858248431866167,0.48766040775292113,0.4809880969770129,0.5221852421658536,0.5880890569114499,0.6938646614052384,0.5837024219501582,0.6492605239075946,0.7624582334830258,0.7113437354868127,0.8095848522654613,0.6983474614995923,0.8389743371869001,0.8407296338357318,0.8844639882857172,1.0615707760141946,1.058402287060609,0.9300868061815754,1.0579382815933183,1.1529098712703119,1.2193341471276968,1.1062024305503924,1.2710165661376447,1.0362667752179358,1.2305032092996253
13,0.057855488774091,0.10825493602225313,0.19436668499159837,0.19769282907851846,0.24676334819422582,0.2644633901619355,0.297965048580648,0.3635010171054192,0.39297749131528625,0.4730494613405007,0.45660971351434754,0.5794591375442651,0.5457856854089036,0.5862085959757178,0.6216320908106971,0.6696655895207018,0.6378975612864486,0.7445949875566573,0.7598778557853333,0.7561826181104556,0.7433405128987673,0.8745576645995403,0.8220559196588231,0.982624073771533,0.9246415688411723,1.0137922950233587,1.059923397092609,1.0502372210849784,1.1051773528792075,1.1819345941046937,1.1440311041792797,1.176303080502879,1.1740671058925287,1.3029186002004636
14,0.06683680210609974,0.06306088719056321,0.1592395496447241,0.2004256230129816,0.19080312334879823,0.26919917513794306,0.3093239162516403,0.30937885483232536,0.36610466676855824,0.49177927624273204,0.43203099634118114,0.5722587363350603,0.5175614216642125,0.5671863755856876,0.6708070821726787,0.5999268721290952,0.7463413725450487,0.7655915896978411,0.7710269231305618,0.7952610097402051,0.8304294602732628,0.934573804266748,0.8200237601033581,0.9684729211532356,0.9489313660383593,0.9079965368673802,0.9599050045594588,1.1515931568495914,1.165301922650252,1.1666337957505477,1.1821380847787384,1.2031125507906295,1.1566292455866374,1.1514543564179394
15,0.11765307848443844,0.07898097358365176,0.11117147466876831,0.15769634265405927,0.2761536536871853,0.2478786636616897,0.4094582816651687,0.3780209505991227,0.41624311296751454,0.4375826179224726,0.48167054851072316,0.49821592170161494,0.5157374968582925,0.5697830814738615,0.624925764287934,0.6953267637510017,0.7097454303501651,0.832141987811943,0.729885333122132,0.6177090282414865,0.8246192020031806,0.8090561622245566,0.8927704588123149,0.9832757007144788,0.8840311431298848,0.9508943583386619,1.1084537924811626,1.081957092860294,1.1335900700595458,1.1606162391986359,1.202706491856137,1.207483353770529,1.2450946166260262,1.2182646352831237
16,0.05628971099942007,0.08718610477479218,0.17921882060699787,0.16930452985490738,0.2978124926334539,0.31128560916959064,0.3294331794475258,0.36993800962927265,0.45583117286404234,0.4543474092833454,0.4810829457146933,0.5489464481226106,0.5428568466962969,0.5674909575185754,0.6124680746785501,0.6416712373407261,0.6985732169782003,0.6498221072283603,0.7589577882756622,0.7080535225207809,0.8331881883746759,0.8608959964709111,0.8694324522244623,0.8688714232724737,0.9791046119676072,0.9553562338507244,0.9586522508383908,1.1028860557707003,0.9577184017004257,1.202835163215088,1.1936970053502072,1.2503668792100342,1.1971687787816283,1.1706018907257798
17,0.057855488774091,0.10232831120292984,0.1735406323492861,0.22008571732717908,0.2560924170947134,0.30861239448649896,0.3261964488252988,0.3735034749332428,0.4865610659818787,0.486303802294812,0.5341715853646966,0.5460593909102207,0.48917942040900025,0.5323023730474615,0.7077432357146133,0.618124888240551,0.7299349764070092,0.7594758008868574,0.7493946618797306,0.7461063496629204,0.8961613982856007,0.8458829098196894,0.8807675604020312,0.8266974676097464,0.8981227618148332,1.046199766010266,1.02774315129416,1.0451939303635451,1.2233202491936506,1.1842973853178913,1.1683647233697159,1.150847814050519,1.0848092289475324,1.2428319857719365
18,0.05665208000751244,0.10499204887805023,0.15427418989625621,0.19662438373402213,0.26799069223564037,0.3336094589830616,0.38078934562400996,0.38800745483526666,0.4101834851472389,0.4521618000791656,0.4222465526355722,0.4821631145657798,0.6296995216434172,0.5714891882482211,0.6252309730520325,0.7343777885810793,0.6157250529434568,0.6762358556579705,0.7236138339076028,0.7295913313623491,0.7933371664795438,0.7793030651218746,0.8396893173210659,1.0128965171832969,0.9908484932783566,1.0001639318073972,1.049996597027021,1.1465508612085933,1.033570942222358,1.164993825378873,1.2165736497570248,1.2511357810340036,1.1266212041096029,1.1017152897599631
19,0.05831123139377537,0.09721899149429732,0.1681622660135414,0.1846462235029028,0.24633857208577237,0.24304306990596028,0.4020540528358984,0.35375326953560643,0.40192569346517254,0.49211556733840617,0.4943266601832989,0.5067666279643448,0.4993348986777015,0.6455404732727369,0.7469410545000068,0.6506067534091845,0.6494867851797187,0.6742268597074328,0.7775971831707434,0.7174543745186531,0.7338978946399628,0.7748312557956316,0.9471757289821623,0.8924018784193284,0.9454271618905555,0.9716075157646059,1.0273116935241646,1.185280677262303,1.101804273636672,1.0935863719637537,1.2468251634336092,1.2409152549217293,1.3487716858570429,1.1706249238144086
20,0.0718742513695325,0.17565689172692273,0.18219653853588902,0.232795015013854,0.29803867272375795,0.38637380655262,0.35654826505757914,0.32301016094787033,0.4414332854204375,0.49300403778559676,0.48218466309429975,0.4981842189396139,0.5033628147304713,0.6525733006324921,0.539796239658547,0.6338962368296857,0.7144180682332035,0.7681550231251828,0.6774210511648605,0.6094422671992291,0.7572274851916483,0.8720044328345014,0.777906472142563,0.9031723965886553,0.9604926388571691,1.0582760731521774,1.0330022397251697,1.0489862233753564,1.2311571378390118,1.1907462225327832,1.2852036520832755,1.1958589900051622,1.2307450083902824,1.3488137646367904
21,0.038040110272203456,0.10941895295332896,0.15990126792963466,0.16807393319476072,0.26112610889794025,0.253604127076239,0.33101313361702867,0.4050831213703841,0.4367676915025821,0.4575341077741396,0.49001434707455377,0.44055086697447793,0.5758044941921601,0.4896972075794263,0.7387982307258596,0.5788079412234135,0.6272768497165957,0.8085934679327065,0.7527691401534383,0.747270501113166,0.6451560717062262,0.8271490003998999,0.8606726649344758,0.9278420574783353,1.0193427412986378,0.9861256452596017,1.0556630791879362,1.1148152328505492,1.1446724399832897,1.2479791846761397,1.2963595074959482,1.1572844496191437,1.1705955070735696,1.242419170279816
22,0.05665208000751244,0.10475235923560897,0.17836791002242341,0.19379557646201737,0.25035142525485643,0.22061595827705022,0.3521570344729856,0.438968542504792,0.46338691905293194,0.4142192115881337,0.5340939373023071,0.5154851096341072,0.5810866836667423,0.48389135532649036,0.6953362489998246,0.7637572860260271,0.6800854158353619,0.6865082851713497,0.7735915985712247,0.9203505647750485,0.7357469233799661,0.7637941508126515,0.8943447981585276,1.0063814588283264,1.0447389049322093,1.022011940325719,1.0858382254515737,1.0023310536584364,1.1417394256740676,1.2154614366908627,1.2583657882408341,1.1764826843874663,1.2455985878094682,1.1933923795704562
23,0.06992907541907155,0.10588927991494297,0.16356625153060855,0.19652437047391041,0.20371267424171283,0.26687460604552077,0.26743952635838825,0.394963360740541,0.4656266803135825,0.45688524960275567,0.4849385647171953,0.5611326982635254,0.497937530181025,0.5464087087912087,0.6302546766694708,0.6607232521028814,0.7272451577677074,0.6231770620499579,0.7882085295424048,0.7153596509241773,0.7861481685403806,0.9047318335131908,0.8878811698432054,0.8702169778767826,1.0004681156973863,0.9480506545652297,1.0146032195578765,1.0117140476379667,1.1951581375607803,1.142573501156505,1.24374918043214,1.2871906792619268,1.2132158279585317,1.0913050929183188
24,0.03221393800913968,0.11406395191734553,0.1622189976441202,0.19766796120388408,0.23931763011746446,0.2611728258162792,0.2822309143531255,0.3289917123334813,0.39466886099799925,0.4462236453238108,0.4649354233780428,0.49958112689939094,0.5264541078879397,0.5518808481241356,0.6723501089731199,0.6133311772596725,0.7098882124762284,0.69390461465598,0.7843405982763774,0.8724148356959106,0.7492740705363647,0.9068073920316747,0.8120822607144496,0.8149853387905394,0.8675832482515229,0.946142523238972,0.9329353835719324,1.0317713364303875,1.1168409549084104,1.130613664863312,1.2881224435376628,1.2519294682418718,1.3219991808208682,1.262173341740964
25,0.04956169282733956,0.11575625173852575,0.15966513712064476,0.16893059454787432,0.3134970377661282,0.30770081609496086,0.3638708782815469,0.39732520839310365,0.4367717907032075,0.4305839028696319,0.4942029734510126,0.506180552332039,0.5746176672848383,0.6106525386714904,0.6599746855984931,0.5866623276586164,0.6120809410833553,0.735956278860214,0.6128281011787381,0.7234492617256125,0.8347317759174064,0.90263259074795,0.8238937854306915,0.9845851215779884,0.9367304743304734,0.9335413014935964,1.064483332511583,1.0658716414584986,1.1117867595096123,1.1498030960996763,1.2902603498594263,1.0893892379198384,1.2184612864160138,1.1482804250273855
26,0.02184479763358062,0.0915420148849797,0.16171433096282065,0.1401852401204054,0.25010448012114184,0.23009873812325832,0.285959937146171,0.3621140500400431,0.43624935457409664,0.5026885438312267,0.49636133045862246,0.55056339743218,0.5690228288466784,0.6904975770763807,0.725745532051464,0.7544677456425267,0.6405081602721655,0.8206900284306724,0.8110706048463102,0.7553582089804486,0.7422539573546503,0.8502120165697606,0.8484393466091547,0.960414625078693,0.9891429917123922,0.9774548999954251,0.9922357161754571,1.1437536359223266,1.1792066582397631,1.080883662528976,1.3020858925742114,1.1979182607497478,1.3036207616547635,1.2999904217936349
27,0.05322354049874347,0.08180850059697087,0.15017221369834494,0.23951095353241303,0.24299259874785747,0.3880295627869135,0.3294490677829162,0.30704075467824266,0.4511964650779777,0.5147330472704328,0.3848499770545447,0.563647233550872,0.4488952124618543,0.5865355238337742,0.6670192851449731,0.6213068089488321,0.6214270144700329,0.7021552736298432,0.7163940832179129,0.7373764571319525,0.818482262876553,0.8355556942238123,0.9228679027328428,0.9257985755263486,0.9802841216445818,0.968227595236148,1.0210106858815038,1.0857412577345813,1.112037053434827,1.147367163421055,1.1189914775481506,1.0962996855964917,1.210722441916137,1.0674173666797724
28,0.05468807869283501,0.0665601321279555,0.16611477443444278,0.18471375833097892,0.2514524240130523,0.24119232711054653,0.2909057905108336,0.38373705963971133,0.4930301114730684,0.44402220976554735,0.5223039486539691,0.5033371989509138,0.5345649670100414,0.6751127322031734,0.6806161831076971,0.6425525629124337,0.6960605191268554,0.6719991418496929,0.7766367479914615,0.7289558537673423,0.7509822239424923,0.9305752217139772,0.8251656036720504,0.9336079030868931,1.024337015112083,0.94862728934631,0.9686095515222246,1.1209340293337695,1.1082723339210567,1.0683235594754816,1.1995660044247427,1.3337657217367012,1.2676536943866454,1.2304165445547348
29,0.05628971099942007,0.11007054212808262,0.15814446879823932,0.1844000262259166,0.21188762635229982,0.29741727744278723,0.3233272622889064,0.33560251841663075,0.4202387976239492,0.3907394501820838,0.5493733949764885,0.49255096705031554,0.5236116713058283,0.5750577809027452,0.702876977423102,0.5885754053455565,0.678304778029855,0.7390859970340439,0.6745523294292468,0.7857026171801716,0.7630216682556441,0.9328911621716448,0.8621207988894177,0.8883781279201175,0.9578247967369315,0.9387019432832777,0.9746291126354155,1.0992502717831172,1.2082468835682811,1.1410388552747113,1.053023807618009,1.1217229454040385,1.190436569911289,1.2093592618168805
30,0.05831123139377537,0.10617718418438307,0.15605535148023048,0.15161097833784207,0.26137321012652476,0.259784352369906,0.29796198800973495,0.38560433421251245,0.45944538336629537,0.46183602837959303,0.48912871652732987,0.4412352586354391,0.5540388894925361,0.5475167951252503,0.6830444275735532,0.6882229137451066,0.7826988918369531,0.6828287566396886,0.7804393015120068,0.7613042498542398,0.8153701530660157,0.8414411129342338,0.8737957399169365,0.8836961863121854,1.0177202222197965,0.928270266390041,1.0592944457635767,1.1294928705579972,1.0655856964224641,1.0774539898276059,1.1972014125704828,1.1483397095850538,1.196379262686682,1.273595121550046
31,0.05628971099942007,0.10330364739996134,0.2083127899512048,0.20697620640435724,0.2477697696322622,0.2745011540700824,0.3358035439514003,0.3582020928857855,0.49803747744452215,0.46275842769904885,0.4645561231338368,0.5358893771132504,0.5460838861383396,0.5490342410593467,0.6628128040358539,0.665627626426911,0.7167962823336675,0.7558882827059356,0.748812913179426,0.7397118079986186,0.8021375045998607,0.9215775062061465,0.8828631668093487,0.9896988351388162,0.9951616888053497,1.0489422056580415,1.0187834270743272,1.1502486701869203,1.1701830051153232,1.1212705291153209,1.1807709390325505,1.0275055685450387,1.150499410110736,1.323488795595408
32,0.06126243242155534,0.10302572382276971,0.18510205243197098,0.21693291544005966,0.1595854875819591,0.2728972822595597,0.35761159292365063,0.45682676991853766,0.43880954199425165,0.4930850658816645,0.5114171737226613,0.4127124501741724,0.594860344579385,0.6665134555254004,0.6191871015029742,0.6763377525932409,0.7520719075741136,0.7721922514011016,0.7781830812927646,0.6914596691289092,0.6127905057703407,0.8715380835372663,0.8368589114465408,0.968814082900294,0.969059106493298,0.8759183643543289,1.1194224663322803,1.2293238658160177,1.2153313952750675,1.1431670106923169,1.0659512312618917,1.129243604570682,1.1870924418402642,1.3568930562575192
33,0.05160157957480628,0.09719381790063793,0.17673989889504493,0.1997912054797312,0.24686580432733704,0.2957760684917248,0.3304086014210514,0.3623067999527697,0.4740883901073429,0.48644914198963457,0.5290241619785605,0.5348487359106446,0.46818459231859705,0.530737411692438,0.6071219234522012,0.5662949369040008,0.6838213128327402,0.7242471041303987,0.6857405598686034,0.7338752256717389,0.9498954612597152,0.7691139238414944,0.9743804585346993,0.9398306203815034,0.867786486394912,0.8574628968680008,0.9674106695281005,1.001066268465422,1.0823912632763526,1.1995493319684696,1.339458076851874,1.225911714408216,1.1200034322636698,1.2682835038538367
34,0.06305660572754135,0.06353048181998809,0.16379475647393868,0.20180893188736013,0.3433799864682002,0.31366947297288444,0.2920696155680134,0.4047627125660048,0.31563479882300627,0.44911888973813735,0.4696408635900492,0.49945054640217706,0.5884596255090357,0.5849415373400038,0.6145609303383386,0.6437439982230829,0.679223371175461,0.7269921648912053,0.7582327104751498,0.7502281037747771,0.7159243607523677,0.7799878502955259,0.8919690251235617,0.9500592518560651,0.9302213331909271,0.9364592504993878,0.9698518861363843,0.9620832870754001,1.0571153852491346,1.2068385870776686,1.2186393065751389,1.417685521471475,1.2001095188167075,1.165598505255876
35,0.05993324061196106,0.1186314132977017,0.13725471951784887,0.21331786277236905,0.23619178595964252,0.2585709236271378,0.34059390707473786,0.5081637864507103,0.4129580729729385,0.379078999152844,0.5331487625736077,0.5900971483234463,0.5796208703709819,0.5172889774987901,0.6489942673026117,0.6957813187583246,0.648934378978197,0.671758320960163,0.7216154617460513,0.821609075587387,0.7450200277842689,0.8108656803523012,0.7985948624762698,0.8363557963071144,0.9914631849876895,0.9482902700921735,0.9989549815934841,1.0762232688148334,1.0977722895728848,1.2824549220230728,1.2517505601426189,1.149864212398172,1.223292168004623,1.1717370150915678
36,0.04326110432904498,0.13294137444422965,0.11391971252386765,0.17142619055897743,0.1919898172598366,0.2967738845138569,0.33293138259092536,0.4039753279554358,0.42877492957870145,0.42167564239753885,0.4194891872323823,0.5087819429210844,0.5532021707084889,0.6716070154234798,0.6459505853023837,0.6698665449967747,0.6591170923902246,0.7416708735987172,0.7648088577119946,0.7951171673698104,0.7707154778801811,0.8409349425709731,0.8970917075247712,0.9703098627487158,0.8783568875930154,0.8915550635730124,1.117656550440341,1.0837975216376028,1.1049993374709415,1.1566304495920332,1.2570668874442463,1.1994610353200508,1.3492947366445562,1.2172821729376042
37,0.05831123139377537,0.11007054212808262,0.10509821350503354,0.1318535261384662,0.240816418995078,0.2345395255892572,0.3433079629578489,0.36566624940827475,0.4090730553819048,0.4931120470127925,0.5126111734144392,0.5832929390536168,0.49119279152319967,0.6318546926996113,0.6862498314733303,0.6754656360052088,0.6205111392564521,0.747919456431641,0.7352911335755391,0.7519019153644554,0.7652312390134675,0.8172943301078677,0.9348794924187225,0.8918566260793546,1.0045341084374266,0.9536304269484407,0.9918343408299927,1.0877561561388063,1.183165328791046,1.0519983613312716,1.1496067242534598,1.228875170299222,1.2505349470374645,1.2866580933914915
38,0.05628971099942007,0.12342189151599443,0.17122173889840103,0.20426537790582158,0.22714006230575923,0.3118799513039316,0.38977693528634516,0.3170489916703602,0.3887466090499487,0.4146518785359881,0.5515438210426569,0.4885031275642972,0.5606122539924475,0.45382762181731634,0.638936629408545,0.584490468006248,0.7166444085031535,0.7299421696071495,0.7282172988422911,0.7843142934522266,0.7866860134535146,0.817077597354753,0.8160689301550952,0.9600186883262204,0.858093437936724,0.9561955282723766,1.1069256106370118,0.996165447684988,1.085065905571625,1.1653162894788172,1.0666070856251004,1.2444485518690198,1.3094503674322733,1.3307321478008882
39,0.051709151093999435,0.11877237095171866,0.2018260214278279,0.20014651195308977,0.26362336666716235,0.30728805513864904,0.29163343201881564,0.31136774011523943,0.4317084067781219,0.43209632623694616,0.5542569139643784,0.535432502653185,0.5182247992776976,0.5952659088623375,0.6658779821887953,0.6408972971423189,0.6794738710754419,0.7538866509850739,0.7059034893188478,0.724597996431174,0.8031626047701897,0.8208117995010278,0.9810727384761919,0.9424498175350382,0.8409771302874743,0.9662722695647703,1.0940124055590486,1.0694406120687583,1.0768824521545373,1.2521408836601624,1.1071755786658894,1.1795441498609645,1.2894980173969022,1.3028066903937676
40,0.07710284167794317,0.10825493602225313,0.16923403545776539,0.1720342255115849,0.25828155935225133,0.3649323720445063,0.26200188019510784,0.32401112328351517,0.4359647829813719,0.48212425320867613,0.4085063081559145,0.5229973107704203,0.565940367341982,0.5054537219144208,0.7456926013475894,0.6415725592122531,0.695442329699362,0.751816825903615,0.6687500244804496,0.8141806268421459,0.7156045235099974,0.6937026181663517,0.8939940426734834,0.9236856725980322,0.8482197942430018,1.007405715024065,0.9880747524668446,1.0092756003134657,1.0905262232900221,1.2119814942753286,1.1682449485212616,1.2318030899975911,1.231030981257037,1.3963027279220879
41,0.06080627174753527,0.09984027013491095,0.16192278832398996,0.17654607530300023,0.2645986637384942,0.31116846934754433,0.2975857944653452,0.4297485535745265,0.42718966859871876,0.49599892328468476,0.45617473823013116,0.47989372801507413,0.5432432813658409,0.5055070398094078,0.6492038447172294,0.720994697026002,0.6802860910236583,0.7368298326252327,0.8336616193875003,0.7455170421043613,0.7771903956194973,0.8022583939770437,0.8312079372927477,0.9503053546043171,0.9846479579513309,0.9458959505367049,1.030945606878425,1.0605052441803515,1.0832397238544473,1.1475800760382575,1.2600988967010667,1.1469623516605665,1.2055861225957347,1.2155372983793704
42,0.06317769274110245,0.06982467716992075,0.17694433419431752,0.1846025892885091,0.21055587083822805,0.27753494671222284,0.33137728935958694,0.4275723045187476,0.3946320410535719,0.40908738621055796,0.5279555867363315,0.5158654195260002,0.46837125795108303,0.7055475314936529,0.6242111015529842,0.6401816987811467,0.6962829133884864,0.6813088396440946,0.7895828376286108,0.8139910784587293,0.773787875323415,0.7939118988783623,0.7951504958395555,0.9899344042711913,0.9238136163005432,0.8712050789645763,1.0530742281561627,1.2116845044687683,1.1148442140493857,1.236512528022196,1.1799561353206531,1.1874637762972466,1.1408081468898676,1.1598955119526149
43,0.02184479763358062,0.10707594070172047,0.17223591515994438,0.16878594731912236,0.24239397054049341,0.3473108954296718,0.3243790413538632,0.40883096943669944,0.43705942967622485,0.5037785821047359,0.4706191141380045,0.6246474572411826,0.5371917760733178,0.5396394798348925,0.5602263596967092,0.7114016224156988,0.7866374636381565,0.748753892397539,0.8065862567051801,0.8310352145797529,0.7200155030509261,0.7881246187945277,0.7874313473057488,0.8832944029049488,0.957531249434582,0.9321655047844578,0.9983525538304334,0.9309891930822507,1.1164697252790923,1.1186137530444482,1.1616048071686575,1.239564301499663,1.1972472047397433,1.2479419118739397
44,0.05628971099942007,0.10639271999176521,0.15901649586815664,0.22886797465496037,0.2421308064607005,0.28636546550081465,0.30958450231712453,0.39242650835381515,0.40008737794614047,0.4120173997986913,0.4319417101889565,0.5222112599790105,0.4976826987829046,0.5521405043463127,0.6735125291082394,0.7621589401339438,0.6441202449310792,0.7875253438050623,0.7229376070527923,0.8288596463414725,0.8505174353359122,0.8050009774106283,0.7711743790921313,1.0192529139852795,0.9206791559596565,1.0705156699743235,1.075344437900652,1.1962360894468305,1.0537504089549758,1.129977970527443,1.2073409359615193,1.2345753912106834,1.1424229035437952,1.283759498495825
45,0.016656169282733956,0.1155601398285972,0.13696279325681274,0.21300714433093235,0.24688127354474804,0.28783145148308104,0.4614937684512983,0.3413950246794253,0.37873917257600753,0.4219325773914855,0.41428208797900334,0.5358680957620895,0.4986043757450956,0.6559171847658913,0.704109764160947,0.6619462695064662,0.6488227335075679,0.8218609459625082,0.7781873159824806,0.8525300097168212,0.8240935831928684,0.8280799789746646,0.8477246961271863,0.8133730923822319,0.9311881861030475,0.9431830442611508,1.0296460928108913,1.138961226782903,1.1829756781527643,1.1548294210467327,1.1327359720685963,1.2058270437032519,1.2513464398054428,1.2264081931495747
46,0.025320220375024162,0.12193131352851398,0.1735406323492861,0.20808771948901342,0.20052502564598237,0.2918374851594859,0.3385414146581281,0.3571545617672488,0.4166228878057312,0.46102731258183166,0.492970369643128,0.49570132099963954,0.5005765415322162,0.5640437993816683,0.6902710841777602,0.5572654809290843,0.7257105305425583,0.704778823703698,0.7268302718699273,0.7892536831985815,0.8261083619153876,0.8591090490857408,0.8701027677509832,0.8458913572479417,0.848430306197412,1.1077339005661533,1.0025878136904498,1.0967051137660349,1.0863737422448838,1.0471788012592151,1.246863977983223,1.182471893618528,1.220551597913653,1.2083783362323322
47,0.05831123139377537,0.06221564275779853,0.13789530180746185,0.2068552145340751,0.2956971322240247,0.3260575869546706,0.32932067024952383,0.3938080634289877,0.44161761634798613,0.43794142031851774,0.5116916689095559,0.4391552488142363,0.5256225859878846,0.5449685954085705,0.5736336501163748,0.6853896220179234,0.7169130230975288,0.743109277567059,0.6644308116358772,0.7469869176942976,0.6863188731034415,0.8619542517658183,0.9232904346055956,0.9049758325455717,0.9318192292021013,0.9166197190786693,1.079449311079506,1.023438557971236,1.128429217585729,1.2057512791064324,1.1762850844259392,1.152278633922186,1.2108218110179776,1.3049955809631442
48,0.057855488774091,0.08284482018676732,0.17078963063779057,0.19903616570633817,0.24296685601272877,0.2880074013463822,0.30297647578320824,0.38673253000162294,0.45191418908318653,0.4179561287950475,0.4895827966315777,0.5607268083294943,0.5554313190280468,0.5186831560390027,0.7392712251313349,0.763014305686238,0.6648240774833615,0.7027445189472467,0.7360610983367428,0.845852298417987,0.7490258173470803,0.8556784305342979,0.9565490835422111,0.9996318066300875,1.0141349696138162,1.0118091231765525,1.0125923007251303,1.1023141498613185,1.0785729569730365,1.1516165403789205,1.226138252918831,1.0313894211388523,1.181041587197792,1.1254471503306123
49,0.0718742513695325,0.06950851150202977,0.17725932594609822,0.11028373856700159,0.2906142338963937,0.29019433575574494,0.38431433150307065,0.3664416417898282,0.4303636732233923,0.4896402968972548,0.5474744446113876,0.5181988471014382,0.4619241806876569,0.5557774344656568,0.603213837258619,0.5868713559931164,0.636485209005909,0.7153050614604644,0.775719894570215,0.7106513087459071,0.8467144137119962,0.8540158169939152,0.9114911787064349,0.8933803540534151,1.0067328864723595,1.0946206748984175,1.0819579838510005,1.0949795375279567,1.14479004706483,1.0749231523278096,1.1317214506910707,1.210656577882199,1.146154973288504,1.3828254290852537
50,0.025320220375024162,0.10023747689928475,0.15683509742895804,0.218770708126366,0.2454921582929952,0.29393799754643196,0.2999482948488692,0.3966461660194752,0.39023725504914214,0.39899285516141497,0.5061813436383192,0.48424260096331245,0.5670063717709654,0.5479077561600136,0.6635145207784301,0.6389150855539363,0.7040316476174828,0.7633058260950256,0.7896154247273853,0.740277512281761,0.7674830756465488,0.7462906956309849,0.7585144467209284,0.9185372604254919,0.9196242931656268,0.888248861416075,1.03023013975891,1.1354185607661595,0.9453828661184029,1.1141301309022467,1.1916835895647946,1.2621845650557966,1.2187598916858178,1.1479179536796347
51,0.05628971099942007,0.12620482629587693,0.17013623996391522,0.23757499079003447,0.2421182401152394,0.2864407896906061,0.42712821056958145,0.4487735717231412,0.4278909093029079,0.5632283490723132,0.5143921413832044,0.5022038046079992,0.5713273434147811,0.5747024914603909,0.5846895522997053,0.6766767469998376,0.6972547552549905,0.6679587963759699,0.8240378833246362,0.7872376054119734,0.7836311987538847,0.8917693211474553,0.9534944541525928,0.939105536553254,1.0516208709873807,1.0055315041250394,1.042414483621832,1.0409030761622013,1.2115591001886026,1.117072209763431,1.2035405972753002,1.2289959091809077,1.328890995538259,1.08721592777631
52,0.0648106142317845,0.1155601398285972,0.1155857396095109,0.15521824067272377,0.21347544932018817,0.23284295579612085,0.28437415946333766,0.40708766924096584,0.35682198919066943,0.4430964938412963,0.4589658278391718,0.6430930716731112,0.5080288664035719,0.5851110652461463,0.629945796568974,0.6793230232109104,0.7077127562147059,0.7353678311284451,0.7555694796250797,0.7058457476951332,0.7723950258129167,0.800603962369788,0.8776261254235324,0.9495323070332871,0.8982924737519551,0.9718231988579755,1.0577574592199637,1.0539029217994569,1.068298144864408,1.1793245342121121,1.2678382984646965,1.0825386414561333,1.169690500565135,1.2212771552673114
53,0.09347145271856512,0.1101014498356853,0.2745487373789945,0.2105961489576053,0.22796096980455613,0.29097356218786047,0.2990585515866423,0.36875163737792105,0.3819133187370429,0.4932106500967243,0.47977297556610865,0.5488993963287824,0.5046854652481999,0.46138822164483634,0.6021698631520972,0.6662525412418989,0.7206488929619456,0.7129114784908617,0.79348092142264,0.7180786706675503,0.718960388354807,0.8173638650636688,0.8036431428985669,0.8892104992520236,0.9898093099566669,0.9741793885558053,0.99087926046484,1.064399240895802,1.2494269028288756,1.296037793604118,1.06605923681771,1.2338555356695264,1.1675759255707205,1.1953448534354203
54,0.03969933439300616,0.11175894360617152,0.17361524083841925,0.25005351887547983,0.25656404532834265,0.26894237290889084,0.3992263156449485,0.35079508615350913,0.45837843087912805,0.4989835682983154,0.4836683451798539,0.5590127219785314,0.5275241123978692,0.6426001305475246,0.7170711977548909,0.640814636380856,0.6860047808667921,0.7671653476331162,0.7986610748581342,0.728861964000472,0.834983369005589,0.9047227606673564,0.882382234237003,0.9627658413147221,0.9378285063693179,0.9781379623827515,1.0959416128384631,1.0694082936124383,1.0838622836342409,1.0295496746981696,1.2429842471843346,1.2615204383246397,1.1963565982777404,1.2029738080490133
55,0.05993324061196106,0.11694301181961282,0.18411683587169642,0.22230012250574777,0.3527899951948303,0.26808717570954776,0.3217157691606673,0.41108555736675856,0.42633509444677775,0.5110882537770859,0.43072299102080114,0.5623780148401503,0.5333858220895933,0.6995259307406284,0.6733948914354542,0.6024440213249763,0.6570940008500672,0.7737690088881757,0.7233133473760276,0.6560170946475394,0.7637668919548564,0.7516481031808581,0.8799000728796172,0.8662675925650779,0.9554420556968695,1.0487861672308916,1.0586273103016428,0.9693600082148504,1.0592814884080413,1.0725465941203807,1.2667759696099217,1.228853462598842,1.1281268803931588,1.2169874374324208
56,0.08314372241525027,0.0960804540035764,0.12893177730523875,0.19729260208775926,0.27291839486584685,0.2885253036922482,0.2990944083968883,0.383716175535979,0.41299498899133846,0.4811677254879699,0.5567090321722785,0.5069493698614784,0.5418999967636675,0.599632985730079,0.6066647079160326,0.59133707850382,0.6084596746519155,0.7401691578111933,0.7780069597239541,0.731394930723707,0.8194308668724148,0.8193031931839665,0.8526920199752198,0.9150002384766039,0.8943400100661227,1.0287335920422611,1.088187662042417,1.086086787356924,1.1615260679542765,1.2536527338516343,1.2344869666482918,1.1610732959864503,1.2704802136818643,1.3190244649139855
57,0.0648106142317845,0.0960804540035764,0.16158966940772354,0.19803781003434998,0.23314388023826163,0.2670198893610739,0.30693501716081456,0.38687719505549084,0.3981327473244663,0.46495827156516445,0.5327046104718144,0.520757355767726,0.5688728441575339,0.5390821730094177,0.6155436743705828,0.6273429661827155,0.7336499631438004,0.7745997993808016,0.7463265104704554,0.7751515261607713,0.8175156773334922,0.8210939897842348,0.8091247212147731,0.9678918916389923,1.1213004851074484,0.8781057514991345,1.1071617194394285,1.1175162007797603,1.0644006548081082,1.2075171463172731,1.2096327953226653,1.2567202272443068,1.0060227736128489,1.2495133278040758
58,0.05993324061196106,0.1079125509330725,0.16434914742698192,0.20123226188865262,0.17922755933264473,0.20931163425478444,0.32155047473459647,0.3490656105066874,0.3317458557450668,0.4748557525291578,0.471640635784409,0.5147204667756907,0.5707775086898733,0.4896031767000961,0.5777755829705244,0.7180809387347244,0.6332545794499334,0.6927088489881952,0.7238855007870176,0.7494678540457158,0.7369753473694775,0.7900887208548018,0.8544557254159914,0.9542971647409152,1.017444232625693,0.97309795471036,1.0477522594055215,1.12282950954215,1.111760822654364,1.1435604336913003,1.251074566051788,1.2439608173208838,1.238190959515185,1.254737040905118
59,0.06080627174753527,0.10192587837737363,0.20987620802702167,0.1967633417444864,0.2554753277533116,0.2991306049904088,0.3392462138066843,0.38396057395206445,0.3887170503866809,0.446248299907436,0.48500597671776535,0.5791714367027435,0.5016320753628004,0.5705453432825038,0.5571484788435517,0.7199440362332051,0.6851671344357041,0.7347369027045189,0.7592018138081701,0.7541124354033588,0.7836896598661292,0.8287061030291475,0.7785680184158035,0.8627468319946693,1.0082446891015635,0.8994175289134441,1.0384821162973563,1.0769573645139878,1.0769187222932681,0.9831877714963693,1.16697522893826,1.289555494823724,1.2046048518557737,1.3632695604755865
60,0.05628971099942007,0.10999030277094254,0.1247075965295715,0.26462795611140255,0.2330404981083096,0.32970624521829944,0.2771014689182845,0.395506554319878,0.5160564386281312,0.478931768879789,0.44856639117502145,0.5378920016266839,0.6118148988613037,0.5258078225339162,0.6500426200477946,0.6348802294948577,0.7134520947162648,0.7363069326929446,0.7719459169276588,0.778746601501775,0.824418734084529,0.8500756978827443,0.8705272895932631,0.9087455675050162,1.0187372514333723,1.0050619986234528,1.0177400898021849,1.0522732638392924,1.1606673670847498,1.198870327188084,1.1300319529679679,1.2108795912445856,1.235189765408196,1.237002736085472
61,0.05831123139377537,0.13048103318100535,0.14010838700947228,0.21620638866339303,0.2681980994389411,0.2987825875834874,0.3077245596143613,0.30823294620778163,0.45776608300990956,0.46179175342701534,0.48603746206577725,0.4692202210739193,0.4500949054315907,0.5989874101401446,0.6297071528563496,0.6372921848111985,0.7003350116181918,0.779573089125144,0.7902054680413303,0.7689779178324162,0.8047716999959607,0.8040135043074683,0.8733414110848878,0.819043649359499,0.9725398955057792,0.8537255298207658,1.1576488546941834,1.1291516723605026,1.121719625173396,1.2166561356309773,1.200393249624353,1.1218098162886196,1.195030299467107,1.1725385671262878
62,0.08619809371771998,0.0960804540035764,0.16923403545776539,0.21487150570268704,0.25101398912623235,0.27168495831935924,0.30192963312139875,0.31718876987268635,0.37490453320644046,0.4371055954492966,0.5747438437717963,0.5325445638748518,0.5571128629752427,0.5088387206432172,0.5814401954837977,0.6368627571413289,0.7644059465403792,0.7072505427859079,0.7573623825965902,0.677832453433348,0.6766603855798982,0.9866011842067629,0.8434619177348912,0.9402163744978683,0.9902565713096104,0.9639162865898259,0.9974391246740084,1.0355560972305127,1.127345031532136,1.1450527914658317,1.287488309148448,1.1656382008347472,1.186465872001748,1.177042683386689
63,0.05831123139377537,0.07743750531606419,0.175229033827375,0.15973379525223266,0.23435101742564415,0.2778898521854458,0.2987521636510387,0.34146150906601147,0.45111083362627175,0.4789513734210198,0.2867259410247467,0.49376108330518637,0.6742179089634784,0.5829210749441132,0.6383392587707938,0.614772001380796,0.7232197031068281,0.7320962150116922,0.7424987060672454,0.7892522027970708,0.8127708773496025,0.8138199111716155,0.9049407703997935,0.8942990563211375,0.9270720666596797,1.059250127792831,0.9851921660523897,1.1995641018545005,1.1086927192923384,1.168457577656492,1.2162105695164658,1.0927932640008182,1.1613949742849778,1.2741968090346891
64,0.057855488774091,0.10950860962616545,0.16410725512505409,0.2005575156930589,0.25536148330334524,0.2888116409562472,0.32739892096324325,0.3120670370191378,0.42264705228578364,0.5170895727429734,0.5645931668504187,0.5310959521181545,0.5319853319297764,0.6655422494538775,0.6641309305580044,0.7509343820982978,0.676897917412659,0.7637596012933686,0.7758868084499446,0.8112438731069819,0.7251525120774318,0.8711446671366418,0.8251178173903883,0.9868411145298344,0.8754112638845175,1.02638178034205,1.1094018459185795,1.041925678303729,1.2289979583658175,1.1918060668123354,1.14999175195064,1.1527962289340898,1.2287891997279494,1.1895919740351044
65,0.05993324061196106,0.06306088719056321,0.17701323094244653,0.15967345152716025,0.29933907258758863,0.2552018541440717,0.32747856002319736,0.29433717134870013,0.466304840739002,0.5131748228563278,0.5257931376530285,0.4697209727076841,0.5468896179150124,0.6092696988714481,0.6408240023287692,0.7076657773728193,0.7025715999143748,0.7383973296965295,0.7421255055794775,0.7944881276527304,0.6411825382814087,0.8279673928893907,0.8528947189264277,0.8860800732887513,0.9199023709763804,1.0223055409051178,0.9959067063956641,1.127424448156999,1.0505389200671422,1.2448104322788656,1.109704109122352,1.1515619098504815,1.230338396386598,1.2418069305119783
66,0.05322354049874347,0.11406395191734553,0.10064886111663024,0.21331414676712152,0.21598105652748242,0.2864763045378524,0.3349714842451188,0.3571195286624759,0.41975819118694624,0.39957026318111294,0.48794417481563734,0.5402219324143802,0.5454411740661129,0.6257449205697163,0.660032583567502,0.6045882411879291,0.6699315205374493,0.6953217918270886,0.8346607712107417,0.727652019764854,0.7566063474811664,0.8342748855831729,0.7949445885697706,0.9296665781070209,0.973296452751466,0.9484802948091279,1.1082831258830907,1.072929668302962,1.1677320528662838,1.1004939042380877,1.2297122477576568,1.1936336866789081,1.1577652504632747,1.2517567248660677
67,0.05993324061196106,0.12019594677982458,0.1685160165828608,0.15451565597010117,0.24115434048103035,0.27865606103944734,0.32452836482293784,0.3715360109231454,0.4467986637781479,0.4543308174866394,0.4712886153288912,0.5544500306803997,0.4880103928831655,0.6895667214144886,0.519139418098726,0.6341034460894798,0.6893925926691528,0.7285656018111963,0.6812188249056229,0.7802193324245479,0.8028369443659603,0.8928856276942339,0.785997293234069,0.9087709169122985,1.01569002451294,0.987245521522713,0.9024972211279116,0.9561990752308941,0.9817861055014805,1.104387580314524,1.1309974889426577,1.1131981751049231,1.1906598544761504,1.2588619889398251
68,0.07045067554142657,0.1160395192036811,0.13992426296301802,0.18115569306235035,0.15839594084670403,0.2675093262034698,0.2706599428584843,0.33005042855508965,0.43223388476476493,0.5063620336264355,0.48440612482693696,0.5155745989334327,0.5010957808085682,0.5883456210524284,0.6157758794724053,0.6439081188589102,0.6513891488394544,0.7504203414610874,0.7682163706031039,0.7715179973902959,0.822072324553005,0.8144853987404276,0.8306082904493536,0.9512092572470414,0.9698626785496544,0.9588591063529713,1.0432131958938669,1.1396950627446765,1.132483073580486,1.058547157471858,1.137859927733006,1.193876093184979,1.2087885161680578,1.1954116381819555
69,0.05665208000751244,0.11204189406533928,0.16821010889876922,0.26623195310983816,0.254692185144017,0.26182192000416304,0.37586830671472704,0.25635474511145145,0.3990765979928295,0.47022953952921703,0.46455321231077434,0.5664603432417831,0.5422841429022662,0.5837955412571191,0.6090640591771962,0.6437826592154782,0.6343700798937354,0.6720015028745338,0.8754489518525715,0.7398019079747657,0.7410957942127364,0.8429434789797592,0.8919248538765667,0.8851297417293866,1.1093413801522276,0.9688958101554352,0.9756047969955074,1.0825671973527926,1.0982519553638297,1.1698411276425427,1.2570600624295403,1.165731950622562,1.1653139155161805,1.204728387720896
70,0.02248455924995168,0.09740496498112458,0.1589666423716203,0.1888373488121257,0.24980463861372088,0.30500431404095935,0.3343752787749012,0.38349096170698943,0.4470858621429315,0.42217514916702603,0.618059764822844,0.5499975575623959,0.618625143979952,0.61301545284183,0.6401887810418848,0.6708900791040263,0.6627434255124346,0.7374082898976645,0.7919210542355386,0.6882389852587233,0.7467957465016605,0.9179134892761724,0.8132978557542723,0.8812064620195125,0.9524119977482406,0.9629448851961884,1.015206370632702,1.0163031470170205,1.09701107417677,1.152656801445988,1.2000970484542526,1.28268749535356,1.1183688318655867,1.2126898547504052
71,0.05993324061196106,0.11877237095171866,0.1506850703170307,0.20813473518813166,0.22173846813583348,0.3177641031118848,0.32464746063793154,0.4127027482210746,0.41027503716187447,0.5165355183550471,0.4951413060355458,0.5165507108490556,0.5138902003392992,0.5785082058363518,0.6635871621605098,0.6276615724223904,0.677665149867208,0.6359824046509724,0.7768699973247963,0.7925543863963044,0.7809101991773288,0.8380847037027672,0.8289722129474045,0.9022198147654054,0.9640679374749366,0.9401570420560332,1.0068055307821855,1.16872372854422,1.0586769204080926,1.201460323337766,1.0476021992410582,1.323931139151927,1.299071020046994,1.1462768145331366
72,0.03221393800913968,0.11391030967154735,0.09900496224915557,0.2370140305432051,0.21256801179199689,0.33502546035397146,0.240083363774926,0.418107446760405,0.45220737046179166,0.5198080456583175,0.5057328782623143,0.5038726165351016,0.5369731996438888,0.5296915261472086,0.6338045027077698,0.573407994880674,0.6319465035834917,0.7146207628377981,0.7170646459922577,0.7411583873429876,0.7622037539024489,0.8426631717844627,0.868366739809444,0.996980869923705,0.9386744925740675,0.9132086284430498,0.9230265015824275,0.9542120710029007,1.1588993117031987,1.1985776266498258,1.2226285659747822,1.2044103758878215,1.2360434657265218,1.2521394808864217
73,0.06080627174753527,0.129338487181895,0.14293297357440893,0.2012118896450096,0.22809044891315527,0.3016133965157209,0.40111097921076017,0.3534808917299669,0.3460240183470081,0.436881248907047,0.527197136846811,0.5187776085502351,0.5589999040461161,0.5797128803327931,0.4953801362902281,0.7412365975985237,0.6693099001542202,0.832296024220911,0.6830129220181359,0.7197204861080011,0.7561042654607794,0.740886451370224,0.89037853999316,0.8954393888818669,0.9122736687086512,0.997631574519253,0.9756964967522046,1.0286556096127115,1.0815487845552685,1.1295457552261305,1.121095437020245,1.1792675235654064,1.219751718805047,1.1837309234331796
74,0.09199642373864296,0.0796221962156071,0.17645474837296216,0.20321978149524436,0.2628321305755639,0.2670794405080316,0.3347300624115271,0.35244940029839356,0.42543913469964856,0.431145637755102,0.5145969352360701,0.541428205968811,0.5115295809460517,0.5789487047006894,0.6181726033543086,0.6393049578345649,0.6744275385041149,0.8291475246583593,0.766765198624645,0.6735487637838836,0.757581252227153,0.7841891408225855,0.8746202447028775,0.8315540692790635,0.9925726975894992,0.8985975322792903,0.9204482292678806,1.093162172344759,1.1192299714428395,1.2445797872390032,1.2073474080320876,1.1948464609314426,1.2626321888848615,1.2332321748323043
75,0.05468807869283501,0.11694301181961282,0.18510205243197098,0.2068552145340751,0.23990447937844858,0.2936746455912385,0.3293450822056833,0.37095674617524343,0.3833097976614418,0.4849761015768457,0.4974004235106346,0.4717828689440593,0.5246616650555055,0.6022497743006051,0.6096290052125046,0.563157399547052,0.6754229311174037,0.7750507904560804,0.6992957249126902,0.8311471801973276,0.6871827122580709,0.8147752687004021,0.8895276791563955,0.9877971142561657,0.957747071193128,0.9345790376371326,1.0001298422106406,1.1046235204056851,1.0859359078075543,1.2150343093669695,1.1474303564860342,1.1964629585711668,1.3229159539995734,1.3013626415289126
76,0.057855488774091,0.1079125509330725,0.16631240157226626,0.20882171950512277,0.23148400408928013,0.3069037073883795,0.3830145583544213,0.38361883054023105,0.40729244935113235,0.4672817557396746,0.4340790939338825,0.5427340352748782,0.5419261791303042,0.4603385767170196,0.6915863063624951,0.7245312819542722,0.7275017075353926,0.6588276163198871,0.7358722819323213,0.6945138026468531,0.7960655629642892,0.8186132768249061,0.8158446451871858,1.0043969259549974,0.9471119889607684,1.0823177608720176,0.9952372708733854,1.1761340741675042,1.1062813016635407,1.1351700144404697,1.1341238652711896,1.1395056395236685,1.2079713444100437,1.1674954676258102
77,0.057855488774091,0.10402926871067705,0.16529528957335587,0.2088453760502015,0.18133141938207828,0.26948379275528256,0.31856936479848524,0.24939741477591493,0.4688942791215342,0.4324597933115184,0.5296855889317525,0.5544910278545477,0.6078004173954791,0.5481518141409555,0.6600458943090984,0.7822785643734865,0.6676233174003955,0.6874106089960109,0.7359677140514664,0.7142435444739005,0.7948022701386964,0.8308670971754917,0.9400084941132119,0.8271166519661471,1.0372257595823609,0.9606577716239719,0.9809329721835126,1.0742376779060927,1.0446986063600534,1.2457950985157153,1.1708367984127106,1.3185214679148753,1.2531619701976453,1.1744184851947441
78,0.05665208000751244,0.12827300309298278,0.16579199950157833,0.268467595867276,0.33025610729624044,0.31644959267879613,0.3116726308364792,0.3097059065017076,0.46463826202407676,0.4655616289978467,0.45725982726713926,0.5259532363593298,0.48123370477922633,0.636763832764014,0.6489146208440699,0.6613038132333923,0.6315547497176816,0.7383127516467007,0.7229753584110652,0.7546280500236141,0.815102511707711,0.8457056194491122,0.929725751603883,0.8382772297916503,0.8413558167154548,0.9061656508585461,1.0265855651253015,1.009065602160962,1.0584298224946123,1.2316963909106493,1.1455857494872665,1.2110551795465156,1.2124320149410968,1.2602078873386202
79,0.057855488774091,0.11515849751639183,0.17771988002534916,0.18636874991721308,0.30825193290436964,0.282618743234932,0.31767629345804865,0.36648756589039805,0.40099400444400185,0.48654755052048926,0.45214470832408893,0.5155132327189853,0.5410573940469094,0.5890027562396042,0.5806098567441887,0.678180421511795,0.6325313067233265,0.74069063670552,0.7701863861221069,0.7734717102027716,0.7772639049360303,0.8073759117420266,0.8268539784832196,0.9452550722770009,1.0840484931814494,0.9834980540744453,0.9714731094607095,1.1480482306602429,1.1802390132697453,1.330366616613137,1.093763211231695,1.2603623478521613,1.2257897099795196,1.326809224221249
80,0.05993324061196106,0.11007054212808262,0.21152083552446238,0.16228211922465574,0.24259463756787614,0.25161834778336234,0.33957659924261774,0.3315548251448596,0.4414792836105193,0.47424609353432184,0.41209043045351235,0.529485330828428,0.5705749782359504,0.6399443359257472,0.6652214638190143,0.6666175374811955,0.6132022707965494,0.6765323419475319,0.7448364000553379,0.8126120977781077,0.7152272908561735,0.8423898786272731,0.8841048223356481,0.8116227800723184,1.0043889930595433,0.8963786351197482,1.0016292435144167,0.9230946974554699,1.1994317731324908,1.0964324747356096,1.2627804129418005,1.1844574053217631,1.2121126678884706,1.2026058035980844
81,0.05468807869283501,0.11391030967154735,0.12960365765944765,0.19669758199036386,0.244944667024402,0.34986413256517973,0.2965925344007262,0.3901652717149626,0.43348394006425306,0.46468880255442285,0.5116387307699389,0.48194395496438647,0.5232724462342678,0.5739381513177861,0.6179262568651296,0.7566048103911619,0.7307604774138965,0.7234836854405494,0.794993549681989,0.7439857031501692,0.8079887520926139,0.7919562618576732,0.7651331569391367,0.9978204059136438,0.9960382007248497,1.0006391082058932,1.1827587972630502,1.089261584597699,1.1205363447886283,1.2058103331186332,1.1684087206797773,1.3821929643663178,1.1003206877119436,1.1211205612516886
82,0.07045067554142657,0.11007054212808262,0.1422051080313462,0.20013044532750515,0.29263839040191875,0.27068437740338147,0.32352362364743964,0.3215338058232765,0.4327229583058059,0.43887672752259016,0.4587874264350896,0.5527023181565768,0.5440239916021057,0.6102706181334613,0.7308267779644801,0.6399426796433156,0.6629715036853087,0.7113706130984222,0.7781538940722005,0.6828145609751315,0.8790209387877247,0.8354638474179591,0.8315430070652492,1.0004154590523062,0.9608640516198362,1.0600084554374682,0.9782200373074981,1.1223244334374813,1.3187539292650192,1.1308079688534933,1.2413916636609572,1.1505985903432945,1.2468428505133518,1.180551608135791
83,0.08872254977769187,0.11629148420425195,0.1656437680857708,0.20284371267315338,0.2581925888564049,0.24737798264785743,0.3343999619980655,0.2996330309199145,0.39886320821127447,0.4417976444810404,0.5112237477973216,0.5210751084753253,0.5909262892501068,0.6193442455860557,0.7086994461830308,0.6774444408901251,0.7171561648802884,0.7698350656018265,0.8439770900539951,0.6699898325622322,0.7956856209539356,0.9250620682488252,0.8785202188198586,1.0738183159542625,0.9532266966665819,1.0023761676994314,1.0498317344347818,1.0324274656887253,1.1795533702837828,1.2827455491259516,1.267919249071513,1.1980006255456757,1.1825510308538845,1.128947959518605
84,0.0718742513695325,0.11081937944565864,0.166426899264852,0.19982342121485377,0.24474473342354536,0.2177133503447387,0.35659031141275543,0.351058119919771,0.41542771162634307,0.4854072620049582,0.42604195424219443,0.4714336387604277,0.5511166373585098,0.5384602774794929,0.6231732644233043,0.6178337456381224,0.7167667145264331,0.7424832995817351,0.7031068011970808,0.7081123902942049,0.7177634940044931,0.7747473175539609,0.8646290680004648,0.9206077545338132,1.0864911741004821,1.0399605415625006,0.9832116421500995,1.0964607698701394,0.9971516610029482,1.190409138918511,1.1792348855798178,1.3334616548434186,1.226751949032699,1.22701081941615
85,0.0648106142317845,0.13432642318632457,0.1629158150565244,0.17745976191626853,0.23576167729383832,0.27818674914125113,0.33171973077687267,0.3116037674697825,0.35873450510575833,0.44700145060403534,0.47484397449125143,0.5501260240499241,0.5034778531573757,0.5876619934162937,0.6840670470923979,0.5642449816899384,0.6534591846074538,0.7077914122153701,0.7301276237174413,0.8123578855706186,0.8650920598479426,0.8178644561201466,0.7942759885339061,0.910764722154516,0.8644033927626356,1.1053915360314233,0.9524669304804672,1.1320710733028312,0.9894483733950499,1.087462551572711,1.2084366987437858,1.1397642463120694,1.2081493563022514,1.2549358427346065
86,0.044671095877547196,0.1474008089466663,0.1884179525346102,0.1930932199195302,0.27131818264707774,0.25978357245258216,0.3306240982361926,0.36557552626826645,0.43978133516137813,0.49248648182653826,0.4970701320725958,0.5021078433671103,0.5630591341814961,0.6045059704925088,0.6240565123791912,0.5958557636034407,0.784222779466328,0.642114813375876,0.8033534208285753,0.7737155597190409,0.6752299597326145,0.8895877717146085,0.854438925762495,0.9446159475922281,1.0063599621947528,0.9890715047178961,1.0243554946644116,1.1052294398096911,1.0840991671421565,1.3043534503169196,1.2170335940837145,1.284378531434656,1.089657508396233,1.1580968113953847
87,0.05831123139377537,0.11007054212808262,0.16452870984833431,0.1620905741597149,0.21638652725230823,0.24518141305977995,0.3155275256608042,0.36222554321625605,0.47436715973294213,0.47781890239047625,0.5052939209818309,0.5260136800721111,0.6629955587845495,0.5641458899769433,0.7250935610917211,0.6837299033915031,0.683168112180992,0.7758181465654651,0.7536911180835402,0.7752632707528312,0.7093501545937836,0.8342315542405473,0.8070206431522648,0.8497973055572469,0.8796156512366369,0.8467289617760873,1.124382158208938,1.1427690878236607,1.1374738726879636,1.0486669463405565,1.1952439372260446,1.3590757235911484,1.2127146633106116,1.3442173267205668
88,0.05993324061196106,0.1158141873670984,0.1701581633220743,0.2512329384717351,0.2620336993455028,0.23501034811670063,0.3330173263691654,0.3975539615575802,0.4185732002947215,0.4090548027633007,0.5458089415682503,0.489355281451521,0.6069395161703591,0.6138611486235589,0.5988076222748048,0.6600587407729216,0.6930077848815598,0.6275507188855349,0.7327210026503373,0.7121634180189141,0.7465395562444256,0.8720753697455766,0.8421662373268664,0.9017620961260533,1.0581263423667528,0.9342186429001598,1.0295486271425442,1.0374389203953467,1.05501934424151,1.1326362987534246,1.2549847309750157,1.162715428904944,1.2205981278283025,1.1753582030810303
89,0.05993324061196106,0.10476109057145912,0.16666816265775594,0.19681501813460273,0.26668678548379904,0.2806863960951092,0.3582628893042185,0.36093744666355904,0.43807195342285665,0.45045691793186515,0.4871350432274085,0.48875708958798464,0.5870992785707914,0.5422830499577426,0.6109441212124592,0.6512408913701319,0.6114343149920008,0.7361207653581602,0.7204157265533777,0.7881838904030104,0.7329976617598576,0.8216227240100581,0.8330582262173923,0.8925775897674252,0.9556473698077651,0.9432645979244513,0.997507029397935,1.1580281246731279,1.162827558173639,1.107292884292491,1.2611962509614207,1.1182212183017062,1.198338380991318,1.2111172430904749
90,0.05831123139377537,0.1155601398285972,0.1639553666076819,0.20732448010060692,0.2839651782068021,0.2971550401535445,0.3459120785171349,0.35571907105921435,0.41566974306928967,0.49169718109051685,0.5409461438096476,0.4513566515487219,0.5737910150181027,0.5430399900072864,0.6066083486750378,0.6895625807449224,0.6240309041663923,0.6420824682434648,0.7955321360922673,0.7652261043435666,0.8525544620137131,0.8433372645970658,0.8865591621674239,0.8232927120656425,0.8973232500996672,0.9331974420527759,0.95263995997206,1.0893417039901592,1.0952513315402461,1.1603006231997024,1.2907804599064667,1.1530663001239692,1.2613130536162789,1.1967907778236415
91,0.04877655178890037,0.12019594677982458,0.155351537045732,0.1804194236345522,0.22834473296244787,0.3180989689383403,0.303466254296178,0.3553022292030111,0.41441201450840454,0.47307777558298386,0.5813411164264571,0.5005084079692458,0.5206260864548171,0.5618304609896473,0.699154625067535,0.6743632476092758,0.6282744719186701,0.7549174526471442,0.7719004745480198,0.7982114463003113,0.7407048685372557,0.8668759959443498,0.8401117028432857,0.9228274892318753,1.0239207552850815,1.0421451040790835,1.0802370455577672,1.004107958675203,1.1289692502596416,1.1138603896322765,1.1408616460254262,1.218099064918061,1.254441944417301,1.2210578965061363
92,0.06793935714956467,0.10701356927240553,0.10555721216891593,0.20020760482312003,0.21396132566761483,0.2910254855338617,0.3269693375791206,0.28232934882327426,0.47396553125820956,0.39822639829433426,0.4792646011340937,0.5946993215763141,0.535849149814157,0.5321990075688858,0.5848357087342068,0.6478931777402958,0.6471577649860735,0.6946243068942785,0.745905867862613,0.7265101832659577,0.8632616421421386,0.9250414247610459,0.9600586245956176,0.8335427484281939,0.9844039536953543,1.0230588001497811,1.0548028129206215,1.1201466395576738,1.1676268233001021,1.1777794491672386,1.1131901116662313,1.1670691640185762,1.2464927310590206,1.10432909455251
93,0.05831123139377537,0.1088347397178621,0.13609895599407948,0.20484394985444643,0.21187498271408697,0.30155725777309056,0.2784577074593398,0.3841490138623546,0.3771766110991866,0.48275574574303526,0.5783063372718084,0.5125520590269,0.5449461304502616,0.5707997565945712,0.5970780766377486,0.6953355528726219,0.7518924170460309,0.6638116025331232,0.6944446072393359,0.8077595497557408,0.7396083185082987,0.8947371205448973,0.9182498573411819,1.0246638714178729,0.8478888170779816,1.0768208061162625,0.9760684203760214,1.0902675066069438,1.1256384054514927,1.2187867760332445,1.1761277083553732,1.2710539531083858,1.2732604216933803,1.1487234799712014
94,0.05628971099942007,0.07917015034108218,0.16188862276359506,0.20693517966225733,0.25529145477704296,0.2752901866246873,0.3314237229202912,0.38597132846509735,0.3447369925793992,0.5086662085339914,0.47640178946686407,0.5683439737818311,0.5085263397068702,0.5124538560997416,0.5880436520129322,0.8217957433313756,0.6630560862717733,0.6642699002714857,0.6822922639159442,0.7906685499150631,0.7803900410045552,0.8343205857354283,0.8581106760045645,0.8801724535265656,0.930155524887253,1.110240714899106,1.028716995171065,1.2066436922292723,1.086242249360084,1.2237941530308392,1.2191334399368925,1.229999841083493,1.2091522945389876,1.1748133159834562
95,0.04956169282733956,0.1412475549068456,0.21911542190771677,0.17783715585187967,0.1868469396455737,0.3000235236363081,0.3066062035956987,0.3552553413471091,0.4605922774840341,0.4429305860434108,0.4952357651724685,0.5892277988288287,0.5234506943608084,0.5931745014465925,0.7022347880972759,0.6384232934957786,0.6622955181503849,0.7547680416866602,0.7784950479070673,0.7252663422117056,0.8543387375080876,0.8132412410713844,0.808624271589983,0.8273894826076466,0.811798662945803,0.9950936444229301,0.9989762669796924,0.9733895745573801,1.0924159066210968,1.1172143914777852,1.2000228678920593,1.2172597886413046,1.1062544229524038,1.3085139543993922
96,0.07045067554142657,0.10302572382276971,0.14557872788195117,0.2071737107784927,0.2167204513136377,0.29065766770474194,0.3000876333200875,0.3802363184742603,0.3842046848723006,0.5371335429457855,0.43393669581703814,0.5029310904437241,0.5167191498148849,0.6124266118722602,0.5327672869385914,0.6062321752702642,0.6003485180595712,0.7505953406438616,0.7333005349210362,0.7271074742085031,0.7898398070107255,0.8856094384359762,0.9734995381715109,0.8908678732295423,0.9773163148501107,1.00603957790251,1.1162255813191544,1.0623951818900261,1.2020825620113664,1.2343830741297912,1.1293960902304883,1.2404065087670457,1.19415512629262,1.1523097428731461
97,0.05322354049874347,0.10396867195908609,0.17120942937919414,0.23211417570700044,0.31385604080195323,0.3368690821148187,0.3387641767310112,0.3604760396833658,0.38262136111954936,0.5003790029705045,0.4990118380545931,0.5843711887133118,0.5898290744700363,0.6078652316656951,0.610704677989193,0.6396006093951476,0.5810129213463783,0.7417111705920414,0.7755591593703993,0.6559578966666156,0.796048446376261,0.875495949745406,0.963947985331246,0.9325378920864057,0.8467202263283247,1.0003777702424679,1.0925154802478922,1.1291385527359588,1.2359599970567807,1.1894937603923994,1.180070087226647,1.279373166497818,1.1807947958842016,1.2970161128278632
98,0.06854402667697661,0.10562279323133983,0.07049053373284361,0.2058992772754985,0.24878693654074518,0.31754382514291235,0.33481429279065855,0.4434355217564078,0.43295310836939055,0.4954972996672511,0.5060564482180298,0.5320440507812473,0.5078324404145328,0.6605848973884548,0.646907133544249,0.7145800434702393,0.6066233336843613,0.7875430419183077,0.7446280627579587,0.7179971789350975,0.7957975982381396,0.7953272909793532,0.9154070199839915,0.9461977005483587,0.8847022554111268,1.073653604461106,1.0564854631600116,1.042424095720807,1.2403378819665665,1.1558474880175853,1.1764786394277622,1.1167953642676287,1.2059324044552973,1.2889341693960885
99,0.06080627174753527,0.11996359825153984,0.1793914172949288,0.15225046161488026,0.2267298131101065,0.2860612220132837,0.279160793651023,0.3683916701287983,0.5130953409748407,0.4244075587074028,0.49414603882707464,0.5366647976829413,0.5112225170915977,0.47552177098246856,0.6182310368955863,0.6474805858934706,0.5998758213529826,0.7170329555079333,0.7327681839535232,0.6997235152393839,0.7377850138623546,0.7433423174381885,0.8615798282304075,0.8678374787035671,0.9346876020503742,0.9705216103975666,1.0039972231321903,1.0956073575008016,1.073494102696705,1.0904768876688582,1.1309872647608854,1.2233736622149125,1.288638558793283,1.276616414309577
100,0.0718742513695325,0.11007054212808262,0.15399571524859007,0.20326484017234459,0.2344160824456026,0.24869882127191303,0.27758452898927866,0.40870574240143254,0.3614181195419753,0.39185874796013953,0.4989487963092389,0.5515373467531871,0.5813793241740046,0.6224139673678984,0.6440083712544823,0.6979225626714931,0.6897965567841688,0.7285154561229092,0.7959738002261993,0.7633968004840219,0.6604934400915149,0.8135591508461092,0.9980096011117833,0.9033114370473911,0.8785726124799873,1.0317587785041802,1.0464117638821324,1.102144810475764,1.0865899667614987,1.112048779994345,1.1673803311643154,1.3464843458419848,1.2050356908609277,1.2866369849560517
